Office,CensusPop,raceYear,RaceTypeName,Area,RepVotes,RepCandidate,RepStatus,DemVotes,DemCandidate,DemStatus,ThirdParty,ThirdVotes,ThirdCandidate,ThirdStatus,OtherVotes,PluralityVotes,PluralityParty,ThirdVotesTotalPercent,RepVotesMajorPercent,DemVotesMajorPercent,RaceNotes
Governor,N/A,1978,General,Alaska,"49,580","Hammond, Jay S.",Incumbent,"25,656","Croft, Chancy",Challenger,N/A,N/A,N/A,N/A,"51,674","23,924",R,0,65.9,34.1,
Governor,N/A,1978,General,Alabama,"196,963","Hunt, Guy",Challenger,"551,886","James, Forrest H. Jr.",Challenger,N/A,N/A,N/A,N/A,"11,625","354,923",D,0,26.3,73.7,
Governor,N/A,1978,General,Arkansas,"193,746","Lowe, A. Lynn",Challenger,"335,101","Clinton, Bill",Challenger,N/A,N/A,N/A,N/A,65,"141,355",D,0,36.64,63.36,
Governor,N/A,1978,General,Arizona,"241,093","Mecham, Evan",Challenger,"282,605","Babbitt, Bruce",Incumbent,N/A,N/A,N/A,N/A,"14,858","41,512",D,0,46.04,53.96,
Governor,N/A,1978,General,California,"2,526,534","Younger, Evelle J.",Challenger,"3,878,812","Brown, Edmund G.",Incumbent,N/A,N/A,N/A,N/A,"517,032","1,352,278",D,0,39.44,60.56,
Governor,N/A,1978,General,Colorado,"317,292","Strickland, Ted",Challenger,"483,985","Lamm, Richard D.",Incumbent,N/A,N/A,N/A,N/A,"22,530","166,693",D,0,39.6,60.4,
Governor,N/A,1978,General,Connecticut,"422,316","Sarasin, Ronald A.",Challenger,"613,109","Grasso, Ella T.",Incumbent,N/A,N/A,N/A,N/A,"1,183","190,793",D,0,40.79,59.21,
Governor,N/A,1978,General,Florida,"1,123,888","Eckerd, Jack M.",Challenger,"1,406,580","Graham, Bob",Challenger,N/A,N/A,N/A,N/A,N/A,"282,692",D,0,44.41,55.59,
Governor,N/A,1978,General,Georgia,"128,139","Cook, Rodney M.",Challenger,"534,572","Busbee, George",Incumbent,N/A,N/A,N/A,N/A,151,"406,433",D,0,19.34,80.66,
Governor,N/A,1978,General,Hawaii,"124,610","Leopold, John",Challenger,"153,394","Ariyoshi, George R.",Incumbent,N/A,N/A,N/A,N/A,"3,583","28,784",D,0,44.82,55.18,
Governor,N/A,1978,General,Iowa,"491,713","Ray, Robert E.",Incumbent,"345,519","Fitzgerald, Jerome D.",Challenger,N/A,N/A,N/A,N/A,"5,958","146,194",R,0,58.73,41.27,
Governor,N/A,1978,General,Idaho,"114,149","Larsen, Allan",Challenger,"169,540","Evans, John V.",Incumbent,N/A,N/A,N/A,N/A,"4,877","55,391",D,0,40.24,59.76,
Governor,N/A,1978,General,Illinois,"1,859,684","Thompson, James R.",Incumbent,"1,263,134","Bakalis, Michael",Challenger,N/A,N/A,N/A,N/A,"27,277","596,550",R,0,59.55,40.45,
Governor,N/A,1978,General,Kansas,"348,015","Bennett, Robert F.",Incumbent,"363,835","Carlin, John",Challenger,N/A,N/A,N/A,N/A,"24,396","15,820",D,0,48.89,51.11,
Governor,N/A,1978,General,Massachusetts,"926,072","Hatch, Francis W.",Challenger,"1,030,294","King, Edward J.",Challenger,N/A,N/A,N/A,N/A,"5,885","104,222",D,0,47.34,52.66,
Governor,N/A,1978,General,Maryland,"293,635","Beall, John Glenn Jr.",Challenger,"718,328","Hughes, Harry R.",Challenger,N/A,N/A,N/A,N/A,N/A,"424,693",D,0,29.02,70.98,
Governor,N/A,1978,General,Maine,"126,862","Palmer, Linwood E.",Challenger,"176,493","Brennan, Joseph E.",Challenger,N/A,N/A,N/A,N/A,"66,903","49,631",D,0,41.82,58.18,
Governor,N/A,1978,General,Michigan,"1,628,485","Milliken, William G.",Incumbent,"1,237,256","Fitzgerald, William",Challenger,N/A,N/A,N/A,N/A,"1,471","391,229",R,0,56.83,43.17,
Governor,N/A,1978,General,Minnesota,"830,019","Quie, Albert H.",Challenger,"718,244","Perpich, Rudy",Incumbent,N/A,N/A,N/A,N/A,"37,439","111,775",R,0,53.61,46.39,
Governor,N/A,1978,General,Nebraska,"275,473","Thone, Charles",Challenger,"216,754","Whelan, Gerald T.",Challenger,N/A,N/A,N/A,N/A,196,"58,719",R,0,55.96,44.04,
Governor,N/A,1978,General,New Hampshire,"122,464","Thomson, Meldrim Jr.",Incumbent,"133,133","Gallen, Hugh J.",Challenger,N/A,N/A,N/A,N/A,"13,990","10,669",D,0,47.91,52.09,
Governor,N/A,1978,General,New Mexico,"170,848","Skeen, Joseph R.",Challenger,"174,631","King, Bruce",Challenger,N/A,N/A,N/A,N/A,98,"3,783",D,0,49.45,50.55,
Governor,N/A,1978,General,Nevada,"108,097","List, Robert F.",Challenger,"76,361","Rose, Robert E.",Challenger,N/A,N/A,N/A,N/A,"7,987","31,736",R,0,58.6,41.4,
Governor,N/A,1978,General,New York,"2,156,404","Duryea, Perry B.",Challenger,"2,429,272","Carey, Hugh L.",Incumbent,N/A,N/A,N/A,N/A,"183,144","272,868",D,0,47.02,52.98,
Governor,N/A,1978,General,Ohio,"1,402,167","Rhodes, James A.",Incumbent,"1,354,631","Celeste, Richard F.",Challenger,N/A,N/A,N/A,N/A,"86,553","47,536",R,0,50.86,49.14,
Governor,N/A,1978,General,Oklahoma,"367,055","Shotts, Ron",Challenger,"402,240","Nigh, George",Challenger,N/A,N/A,N/A,N/A,"8,119","35,185",D,0,47.71,52.29,
Governor,N/A,1978,General,Oregon,"498,452","Atiyeh, Victor",Challenger,"409,411","Straub, Robert W.",Incumbent,N/A,N/A,N/A,N/A,"3,280","89,041",R,0,54.9,45.1,
Governor,N/A,1978,General,Pennsylvania,"1,966,042","Thornburgh, Richard",Challenger,"1,737,888","Flaherty, Peter",Challenger,N/A,N/A,N/A,N/A,"38,039","228,154",R,0,53.08,46.92,
Governor,N/A,1978,General,Rhode Island,"96,596","Almond, Lincoln C.",Challenger,"197,386","Garrahy, J. Joseph",Incumbent,N/A,N/A,N/A,N/A,"20,381","100,790",D,0,32.86,67.14,
Governor,N/A,1978,General,South Carolina,"236,946","Young, Edward L.",Challenger,"384,898","Riley, Richard W.",Challenger,N/A,N/A,N/A,N/A,"5,338","147,952",D,0,38.1,61.9,
Governor,N/A,1978,General,South Dakota,"147,116","Janklow, William J.",Challenger,"112,679","McKellips, Roger",Challenger,N/A,N/A,N/A,N/A,N/A,"34,437",R,0,56.63,43.37,
Governor,N/A,1978,General,Tennessee,"661,959","Alexander, Lamar",Challenger,"523,495","Butcher, Jake",Challenger,N/A,N/A,N/A,N/A,"4,241","138,464",R,0,55.84,44.16,
Governor,N/A,1978,General,Texas,"1,183,839","Clements, William P.",Challenger,"1,166,979","Hill, John",Challenger,N/A,N/A,N/A,N/A,"18,946","16,860",R,0,50.36,49.64,
Governor,N/A,1978,General,Vermont,"78,181","Snelling, Richard A.",Incumbent,"42,482","Granai, Edwin C.",Challenger,N/A,N/A,N/A,N/A,"3,819","35,699",R,0,64.79,35.21,
Governor,N/A,1978,General,Wisconsin,"816,056","Dreyfus, Lee S.",Challenger,"673,813","Schreiber, Martin J.",Incumbent,N/A,N/A,N/A,N/A,"11,127","142,243",R,0,54.77,45.23,
Governor,N/A,1978,General,Wyoming,"67,595","Ostlund, John C.",Challenger,"69,972","Herschler, Ed",Incumbent,N/A,N/A,N/A,N/A,N/A,"2,377",D,0,49.14,50.86,
Governor,N/A,1982,General,Alaska,"72,291","Fink, Tom",Challenger,"89,918","Sheffield, Bill",Challenger,N/A,N/A,N/A,N/A,"32,676","17,627",D,0,44.57,55.43,
Governor,N/A,1982,General,Alabama,"440,815","Folmar, Emory",Challenger,"650,538","Wallace, George C.",Challenger,N/A,N/A,N/A,N/A,"37,372","209,723",D,0,40.39,59.61,
Governor,N/A,1982,General,Arkansas,"357,496","White, Frank D.",Incumbent,"431,855","Clinton, Bill",Challenger,N/A,N/A,N/A,N/A,N/A,"74,359",D,0,45.29,54.71,
Governor,N/A,1982,General,Arizona,"235,877","Corbet, Leo",Challenger,"453,795","Babbitt, Bruce",Incumbent,N/A,N/A,N/A,N/A,"36,692","217,918",D,0,34.2,65.8,
Governor,N/A,1982,General,California,"3,881,014","Deukmejian, George",Challenger,"3,787,669","Bradley, Tom",Challenger,N/A,N/A,N/A,N/A,"208,015","93,345",R,0,50.61,49.39,
Governor,N/A,1982,General,Colorado,"302,740","Fuhr, John D.",Challenger,"627,960","Lamm, Richard D.",Incumbent,N/A,N/A,N/A,N/A,"25,321","325,220",D,0,32.53,67.47,
Governor,N/A,1982,General,Connecticut,"497,773","Rome, Lewis B.",Challenger,"578,264","O'Neill, William A.",Incumbent,N/A,N/A,N/A,N/A,"7,839","80,491",D,0,46.26,53.74,
Governor,N/A,1982,General,Florida,"949,013","Bafalis, L. A.",Challenger,"1,739,553","Graham, Bob",Incumbent,N/A,N/A,N/A,N/A,N/A,"790,540",D,0,35.3,64.7,
Governor,N/A,1982,General,Georgia,"434,496","Bell, Robert H.",Challenger,"734,092","Harris, Joe Frank",Challenger,N/A,N/A,N/A,N/A,455,"299,596",D,0,37.18,62.82,
Governor,N/A,1982,General,Hawaii,"81,507","Anderson, D. G.",Challenger,"141,043","Ariyoshi, George R.",Incumbent,N/A,N/A,N/A,N/A,"89,303","59,536",D,0,36.62,63.38,
Governor,N/A,1982,General,Iowa,"548,313","Branstad, Terry E.",Challenger,"483,291","Conlin, Roxanne",Challenger,N/A,N/A,N/A,N/A,"6,625","65,022",R,0,53.15,46.85,
Governor,N/A,1982,General,Idaho,"161,157","Batt, Phil",Challenger,"165,365","Evans, John V.",Incumbent,N/A,N/A,N/A,N/A,N/A,"4,208",D,0,49.36,50.64,
Governor,N/A,1982,General,Illinois,"1,816,101","Thompson, James R.",Incumbent,"1,811,027","Stevenson, Adlai E. II",Challenger,N/A,N/A,N/A,N/A,"46,553","5,074",R,0,50.07,49.93,
Governor,N/A,1982,General,Kansas,"339,356","Hardage, Sam",Challenger,"405,772","Carlin, John",Incumbent,N/A,N/A,N/A,N/A,"18,135","66,416",D,0,45.54,54.46,
Governor,N/A,1982,General,Massachusetts,"749,679","Sears, John W.",Challenger,"1,219,109","Dukakis, Michael S.",Challenger,N/A,N/A,N/A,N/A,"81,466","469,430",D,0,38.08,61.92,
Governor,N/A,1982,General,Maryland,"432,826","Pascal, Robert A.",Challenger,"705,910","Hughes, Harry R.",Incumbent,N/A,N/A,N/A,N/A,413,"273,084",D,0,38.01,61.99,
Governor,N/A,1982,General,Maine,"172,949","Cragin, Charles L.",Challenger,"281,066","Brennan, Joseph E.",Incumbent,N/A,N/A,N/A,N/A,"6,280","108,117",D,0,38.09,61.91,
Governor,N/A,1982,General,Michigan,"1,369,582","Headlee, Richard H.",Challenger,"1,561,291","Blanchard, James J.",Challenger,N/A,N/A,N/A,N/A,"109,135","191,709",D,0,46.73,53.27,
Governor,N/A,1982,General,Minnesota,"715,796","Whitney, Wheelock",Challenger,"1,049,104","Perpich, Rudy",Incumbent,N/A,N/A,N/A,N/A,"24,639","333,308",D,0,40.56,59.44,
Governor,N/A,1982,General,Nebraska,"270,203","Thone, Charles",Incumbent,"277,436","Kerrey, Bob",Challenger,N/A,N/A,N/A,N/A,263,"7,233",D,0,49.34,50.66,
Governor,N/A,1982,General,New Hampshire,"145,389","Sununu, John H.",Challenger,"132,317","Gallen, Hugh J.",Incumbent,N/A,N/A,N/A,N/A,"4,882","13,072",R,0,52.35,47.65,
Governor,N/A,1982,General,New Mexico,"191,626","Irick, John B.",Challenger,"215,840","Anaya, Toney",Challenger,N/A,N/A,N/A,N/A,N/A,"24,214",D,0,47.03,52.97,
Governor,N/A,1982,General,Nevada,"100,104","List, Robert F.",Incumbent,"128,132","Bryan, Richard H.",Challenger,N/A,N/A,N/A,N/A,"11,515","28,028",D,0,43.86,56.14,
Governor,N/A,1982,General,New York,"2,494,827","Lehrman, Lew",Challenger,"2,675,213","Cuomo, Mario M.",Challenger,N/A,N/A,N/A,N/A,"84,851","180,386",D,0,48.26,51.74,
Governor,N/A,1982,General,Ohio,"1,303,962","Brown, Clarence J. Jr.",Challenger,"1,981,952","Celeste, Richard F.",Challenger,N/A,N/A,N/A,N/A,"70,877","677,990",D,0,39.68,60.32,
Governor,N/A,1982,General,Oklahoma,"332,207","Daxon, Tom",Challenger,"548,159","Nigh, George",Incumbent,N/A,N/A,N/A,N/A,"2,764","215,952",D,0,37.74,62.26,
Governor,N/A,1982,General,Oregon,"639,841","Atiyeh, Victor",Incumbent,"374,316","Kulongoski, Ted",Challenger,N/A,N/A,N/A,N/A,"27,852","265,525",R,0,63.09,36.91,
Governor,N/A,1982,General,Pennsylvania,"1,872,784","Thornburgh, Richard",Incumbent,"1,772,353","Ertel, Allen E.",Challenger,N/A,N/A,N/A,N/A,"38,848","100,431",R,0,51.38,48.62,
Governor,N/A,1982,General,Rhode Island,"79,602","Marzullo, Vincent",Challenger,"247,208","Garrahy, J. Joseph",Incumbent,N/A,N/A,N/A,N/A,"10,449","167,606",D,0,24.36,75.64,
Governor,N/A,1982,General,South Carolina,"202,806","Workman, W. D. III",Challenger,"468,819","Riley, Richard W.",Incumbent,N/A,N/A,N/A,N/A,N/A,"266,013",D,0,30.2,69.8,
Governor,N/A,1982,General,South Dakota,"197,429","Janklow, William J.",Incumbent,"81,136","O'Connor, Michael J.",Challenger,N/A,N/A,N/A,N/A,N/A,"116,293",R,0,70.87,29.13,
Governor,N/A,1982,General,Tennessee,"737,963","Alexander, Lamar",Incumbent,"500,937","Tyree, Randy",Challenger,N/A,N/A,N/A,N/A,27,"237,026",R,0,59.57,40.43,
Governor,N/A,1982,General,Texas,"1,465,937","Clements, William P.",Incumbent,"1,697,870","White, Mark",Challenger,N/A,N/A,N/A,N/A,"27,284","231,933",D,0,46.33,53.67,
Governor,N/A,1982,General,Vermont,"93,111","Snelling, Richard A.",Incumbent,"74,394","Kunin, Madeline",Challenger,N/A,N/A,N/A,N/A,"1,746","18,717",R,0,55.59,44.41,
Governor,N/A,1982,General,Wisconsin,"662,838","Kohler, Terry J.",Challenger,"896,812","Earl, Anthony S.",Challenger,N/A,N/A,N/A,N/A,"20,694","233,974",D,0,42.5,57.5,
Governor,N/A,1982,General,Wyoming,"62,128","Morton, Warren A.",Challenger,"106,427","Herschler, Ed",Incumbent,N/A,N/A,N/A,N/A,N/A,"44,299",D,0,36.86,63.14,
Governor,N/A,1986,General,Alaska,"76,515","Sturgulewski, Arliss",Challenger,"84,943","Cowper, Steve",Challenger,N/A,N/A,N/A,N/A,"18,097","8,428",D,0,47.39,52.61,
Governor,N/A,1986,General,Alabama,"696,203","Hunt, Guy",Challenger,"537,163","Baxley, Bill",Challenger,N/A,N/A,N/A,N/A,"2,864","159,040",R,0,56.45,43.55,
Governor,N/A,1986,General,Arkansas,"248,727","White, Frank D.",Challenger,"439,882","Clinton, Bill",Incumbent,N/A,N/A,N/A,N/A,242,"191,155",D,0,36.12,63.88,
Governor,N/A,1986,General,Arizona,"343,913","Mecham, Evan",Challenger,"298,986","Warner, Carolyn",Challenger,Independent,"224,085","Schulz, NULL",Challenger,N/A,"44,927",R,25.85,53.49,46.51,
Governor,N/A,1986,General,California,"4,506,601","Deukmejian, George",Incumbent,"2,781,714","Bradley, Tom",Challenger,N/A,N/A,N/A,N/A,"155,236","1,724,887",R,0,61.83,38.17,
Governor,N/A,1986,General,Colorado,"434,420","Strickland, Ted",Challenger,"616,325","Romer, Roy",Challenger,N/A,N/A,N/A,N/A,"8,183","181,905",D,0,41.34,58.66,
Governor,N/A,1986,General,Connecticut,"408,489","Belaga, Julie D.",Challenger,"575,638","O'Neill, William A.",Incumbent,N/A,N/A,N/A,N/A,"9,565","167,149",D,0,41.51,58.49,
Governor,N/A,1986,General,Florida,"1,847,525","Martinez, Bob",Challenger,"1,538,620","Pajcic, Steve",Challenger,N/A,N/A,N/A,N/A,26,"308,905",R,0,54.56,45.44,
Governor,N/A,1986,General,Georgia,"346,512","Davis, Guy",Challenger,"828,465","Harris, Joe Frank",Incumbent,N/A,N/A,N/A,N/A,137,"481,953",D,0,29.49,70.51,
Governor,N/A,1986,General,Hawaii,"160,460","Anderson, D. G.",Challenger,"173,655","Waihee, John",Challenger,N/A,N/A,N/A,N/A,N/A,"13,195",D,0,48.03,51.97,
Governor,N/A,1986,General,Iowa,"472,712","Branstad, Terry E.",Incumbent,"436,987","Junkins, Lowell L.",Challenger,N/A,N/A,N/A,N/A,924,"35,725",R,0,51.96,48.04,
Governor,N/A,1986,General,Idaho,"189,794","Leroy, David H.",Challenger,"193,429","Andrus, Cecil D.",Challenger,N/A,N/A,N/A,N/A,"4,203","3,635",D,0,49.53,50.47,
Governor,N/A,1986,General,Illinois,"1,655,849","Thompson, James R.",Incumbent,"208,830","Fairchild, Mark",Challenger,Illinois Solidarity,"1,256,626","Stevenson, Adlai E. II",Challenger,"22,673","399,223",R,39.97,88.8,11.2,"There was no Democratic candidate for Governor on the ballot, Mark Fairchild being the ""paired"" Democrat for Lt. Governor.  The Democratic vote was cast for the ticket of ""no name"" and Fairchild."
Governor,N/A,1986,General,Kansas,"436,267","Hayden, Mike",Challenger,"404,338","Docking, Thomas R.",Challenger,N/A,N/A,N/A,N/A,N/A,"31,929",R,0,51.9,48.1,
Governor,N/A,1986,General,Massachusetts,"525,364","Kariotis, George",Challenger,"1,157,786","Dukakis, Michael S.",Incumbent,N/A,N/A,N/A,N/A,929,"632,422",D,0,31.21,68.79,
Governor,N/A,1986,General,Maryland,"194,185","Mooney, Thomas J.",Challenger,"907,291","Schaefer, William D.",Challenger,N/A,N/A,N/A,N/A,N/A,"713,106",D,0,17.63,82.37,
Governor,N/A,1986,General,Maine,"170,312","McKernan, John R.",Challenger,"128,744","Tierney, James",Challenger,N/A,N/A,N/A,N/A,"127,805","41,568",R,0,56.95,43.05,
Governor,N/A,1986,General,Michigan,"753,647","Lucas, William",Challenger,"1,632,138","Blanchard, James J.",Incumbent,N/A,N/A,N/A,N/A,"10,779","878,491",D,0,31.59,68.41,
Governor,N/A,1986,General,Minnesota,"606,755","Ludeman, Cal R.",Challenger,"790,138","Perpich, Rudy",Incumbent,N/A,N/A,N/A,N/A,"19,096","183,383",D,0,43.44,56.56,
Governor,N/A,1986,General,Nebraska,"298,325","Orr, Kay",Challenger,"265,156","Boosalis, Helen",Challenger,N/A,N/A,N/A,N/A,941,"33,169",R,0,52.94,47.06,
Governor,N/A,1986,General,New Hampshire,"134,824","Sununu, John H.",Incumbent,"116,142","McEachern, Paul",Challenger,N/A,N/A,N/A,N/A,141,"18,682",R,0,53.72,46.28,
Governor,N/A,1986,General,New Mexico,"209,455","Carruthers, Garrey E.",Challenger,"185,378","Powell, Ray B.",Challenger,N/A,N/A,N/A,N/A,N/A,"24,077",R,0,53.05,46.95,
Governor,N/A,1986,General,Nevada,"65,081","Cafferata, Patty",Challenger,"187,268","Bryan, Richard H.",Incumbent,N/A,N/A,N/A,N/A,"8,026","122,187",D,0,25.79,74.21,
Governor,N/A,1986,General,New York,"1,363,810","O'Rourke, Andrew P.",Challenger,"2,775,229","Cuomo, Mario M.",Incumbent,N/A,N/A,N/A,N/A,"155,085","1,411,419",D,0,32.95,67.05,
Governor,N/A,1986,General,Ohio,"1,207,264","Rhodes, James A.",Challenger,"1,858,372","Celeste, Richard F.",Incumbent,N/A,N/A,N/A,N/A,975,"651,108",D,0,39.38,60.62,
Governor,N/A,1986,General,Oklahoma,"431,762","Bellmon, Henry Louis",Challenger,"405,295","Walters, David",Challenger,N/A,N/A,N/A,N/A,"72,868","26,467",R,0,51.58,48.42,
Governor,N/A,1986,General,Oregon,"506,986","Paulus, Norma",Challenger,"549,456","Goldschmidt, Neil",Challenger,N/A,N/A,N/A,N/A,"3,188","42,470",D,0,47.99,52.01,
Governor,N/A,1986,General,Pennsylvania,"1,638,268","Scranton, William W.",Challenger,"1,717,484","Casey, Robert",Challenger,N/A,N/A,N/A,N/A,"32,523","79,216",D,0,48.82,51.18,
Governor,N/A,1986,General,Rhode Island,"208,822","Diprete, Edward",Incumbent,"104,508","Sundlun, Bruce G.",Challenger,N/A,N/A,N/A,N/A,"9,394","104,314",R,0,66.65,33.35,
Governor,N/A,1986,General,South Carolina,"384,565","Campbell, Carroll",Challenger,"361,325","Daniel, Mike",Challenger,N/A,N/A,N/A,N/A,"7,861","23,240",R,0,51.56,48.44,
Governor,N/A,1986,General,South Dakota,"152,543","Mickelson, George S.",Challenger,"141,898","Herseth, R. Lars",Challenger,N/A,N/A,N/A,N/A,N/A,"10,645",R,0,51.81,48.19,
Governor,N/A,1986,General,Tennessee,"553,449","Dunn, Winfield",Challenger,"656,602","McWherter, Ned",Challenger,N/A,N/A,N/A,N/A,288,"103,153",D,0,45.74,54.26,
Governor,N/A,1986,General,Texas,"1,813,779","Clements, William P.",Challenger,"1,584,515","White, Mark",Incumbent,N/A,N/A,N/A,N/A,"43,166","229,264",R,0,53.37,46.63,
Governor,N/A,1986,General,Vermont,"75,162","Smith, Peter",Challenger,"92,379","Kunin, Madeline",Incumbent,N/A,N/A,N/A,N/A,"29,175","17,217",D,0,44.86,55.14,"In the absence of a majority for any candidate, the State Legislature elected Madeleine M. Kunin to a  two-year term."
Governor,N/A,1986,General,Wisconsin,"805,090","Thompson, Tommy G.",Challenger,"705,578","Earl, Anthony S.",Incumbent,N/A,N/A,N/A,N/A,"16,292","99,512",R,0,53.29,46.71,
Governor,N/A,1986,General,Wyoming,"75,841","Simpson, Peter",Challenger,"88,879","Sullivan, Mike",Challenger,N/A,N/A,N/A,N/A,N/A,"13,038",D,0,46.04,53.96,
Governor,N/A,1990,General,Alaska,"50,991","Sturgulewski, Arliss",Challenger,"60,201","Knowles, Tony",Challenger,Alaskan Independent,"75,721","Hickel, Walter J.",Challenger,"7,837","15,520",ALI,38.88,45.86,54.14,
Governor,N/A,1990,General,Alabama,"633,519","Hunt, Guy",Incumbent,"582,106","Hubbert, Paul R.",Challenger,N/A,N/A,N/A,N/A,625,"51,413",R,0,52.11,47.89,
Governor,N/A,1990,General,Arkansas,"295,925","Nelson, Sheffield",Challenger,"400,386","Clinton, Bill",Incumbent,N/A,N/A,N/A,N/A,101,"104,461",D,0,42.5,57.5,
Governor,N/A,1990,General,California,"3,791,904","Wilson, Pete",Challenger,"3,525,197","Feinstein, Dianne",Challenger,N/A,N/A,N/A,N/A,"382,366","266,707",R,0,51.82,48.18,
Governor,N/A,1990,General,Colorado,"358,403","Andrews, John",Challenger,"626,032","Romer, Roy",Incumbent,N/A,N/A,N/A,N/A,"26,837","267,629",D,0,36.41,63.59,
Governor,N/A,1990,General,Connecticut,"427,840","Rowland, John G.",Challenger,"237,641","Morrison, Bruce A.",Challenger,A Connecticut Party,"460,576","Weicker, Lowell P. Jr.",Challenger,"16,044","32,736",ACP,40.33,64.29,35.71,
Governor,N/A,1990,General,Florida,"1,535,068","Martinez, Bob",Incumbent,"1,995,206","Chiles, Lawton",Challenger,Write-in,597,"Floyd, NULL",Challenger,N/A,"460,138",D,0.02,43.48,56.52,
Governor,N/A,1990,General,Georgia,"645,625","Isakson, Johnny",Challenger,"766,662","Miller, Zell",Challenger,N/A,N/A,N/A,N/A,"37,395","121,037",D,0,45.71,54.29,
Governor,N/A,1990,General,Hawaii,"131,310","Hemmings, Fred",Challenger,"203,491","Waihee, John",Incumbent,N/A,N/A,N/A,N/A,"5,331","72,181",D,0,39.22,60.78,
Governor,N/A,1990,General,Iowa,"591,852","Branstad, Terry E.",Incumbent,"379,372","Avenson, Donald D.",Challenger,N/A,N/A,N/A,N/A,"5,259","212,480",R,0,60.94,39.06,
Governor,N/A,1990,General,Idaho,"101,937","Fairchild, Roger",Challenger,"218,673","Andrus, Cecil D.",Incumbent,N/A,N/A,N/A,N/A,N/A,"116,736",D,0,31.79,68.21,
Governor,N/A,1990,General,Illinois,"1,653,126","Edgar, Jim",Challenger,"1,569,217","Hartigan, Neil F.",Challenger,N/A,N/A,N/A,N/A,"35,067","83,909",R,0,51.3,48.7,
Governor,N/A,1990,General,Kansas,"333,589","Hayden, Mike",Incumbent,"380,609","Finney, Joan",Challenger,N/A,N/A,N/A,N/A,"69,127","47,020",D,0,46.71,53.29,
Governor,N/A,1990,General,Massachusetts,"1,175,817","Weld, William F.",Challenger,"1,099,878","Silber, John",Challenger,N/A,N/A,N/A,N/A,"67,232","75,939",R,0,51.67,48.33,
Governor,N/A,1990,General,Maryland,"446,980","Shepard, William S.",Challenger,"664,015","Schaefer, William D.",Incumbent,N/A,N/A,N/A,N/A,93,"217,035",D,0,40.23,59.77,
Governor,N/A,1990,General,Maine,"243,766","McKernan, John R.",Incumbent,"230,038","Brennan, Joseph E.",Challenger,N/A,N/A,N/A,N/A,"48,688","13,728",R,0,51.45,48.55,
Governor,N/A,1990,General,Michigan,"1,276,134","Engler, John",Challenger,"1,258,539","Blanchard, James J.",Incumbent,N/A,N/A,N/A,N/A,"29,890","17,595",R,0,50.35,49.65,
Governor,N/A,1990,General,Minnesota,"895,988","Carlson, Arne",Challenger,"836,218","Perpich, Rudy",Incumbent,N/A,N/A,N/A,N/A,"74,571","59,770",R,0,51.73,48.27,
Governor,N/A,1990,General,Nebraska,"288,741","Orr, Kay",Incumbent,"292,771","Nelson, Earl",Challenger,N/A,N/A,N/A,N/A,"5,030","4,030",D,0,49.65,50.35,
Governor,N/A,1990,General,New Hampshire,"177,773","Gregg, Judd",Incumbent,"101,923","Grandmaison, J. Joseph",Challenger,N/A,N/A,N/A,N/A,"15,322","75,850",R,0,63.56,36.44,
Governor,N/A,1990,General,New Mexico,"185,692","Bond, Frank",Challenger,"224,564","King, Bruce",Challenger,N/A,N/A,N/A,N/A,976,"38,872",D,0,45.26,54.74,
Governor,N/A,1990,General,Nevada,"95,789","Gallaway, Jim",Challenger,"207,878","Miller, Robert J.",Incumbent,N/A,N/A,N/A,N/A,"17,076","112,089",D,0,31.54,68.46,"In January 1989, Lt. Governor Robert J. Miller (D) became Governor on the resignation of Gov. Richard H. Bryan (D) following his election November 1988 to the U.S. Senate."
Governor,N/A,1990,General,New York,"865,948","Rinfret, Pierre A.",Challenger,"2,157,087","Cuomo, Mario M.",Incumbent,Conservative,"827,614","London, NULL",Challenger,"206,247","1,291,139",D,20.4,28.64,71.36,
Governor,N/A,1990,General,Ohio,"1,938,103","Voinovich, George",Challenger,"1,544,416","Celebrezze, Anthony J.",Challenger,N/A,N/A,N/A,N/A,131,"393,687",R,0,55.65,44.35,
Governor,N/A,1990,General,Oklahoma,"297,584","Price, Bill",Challenger,"523,196","Walters, David",Challenger,N/A,N/A,N/A,N/A,"90,534","225,612",D,0,36.26,63.74,
Governor,N/A,1990,General,Oregon,"444,646","Frohnmayer, Dave",Challenger,"508,749","Roberts, Barbara",Challenger,N/A,N/A,N/A,N/A,"159,452","64,103",D,0,46.64,53.36,
Governor,N/A,1990,General,Pennsylvania,"987,516","Hafer, Barbara",Challenger,"2,065,244","Casey, Robert",Incumbent,N/A,N/A,N/A,N/A,N/A,"1,077,728",D,0,32.35,67.65,
Governor,N/A,1990,General,Rhode Island,"92,177","Diprete, Edward",Incumbent,"264,411","Sundlun, Bruce G.",Challenger,N/A,N/A,N/A,N/A,84,"172,234",D,0,25.85,74.15,
Governor,N/A,1990,General,South Carolina,"528,831","Campbell, Carroll",Incumbent,"212,034","Mitchell, Theo",Challenger,N/A,N/A,N/A,N/A,"20,100","316,797",R,0,71.38,28.62,
Governor,N/A,1990,General,South Dakota,"151,198","Mickelson, George S.",Incumbent,"105,525","Samuelson, Bob L.",Challenger,N/A,N/A,N/A,N/A,N/A,"45,673",R,0,58.9,41.1,
Governor,N/A,1990,General,Tennessee,"289,348","Henry, Dwight",Challenger,"480,885","McWherter, Ned",Incumbent,N/A,N/A,N/A,N/A,"20,208","191,537",D,0,37.57,62.43,
Governor,N/A,1990,General,Texas,"1,826,231","Williams, Clayton",Challenger,"1,925,670","Richards, Ann",Challenger,N/A,N/A,N/A,N/A,"140,586","99,439",D,0,48.67,51.33,
Governor,N/A,1990,General,Vermont,"109,540","Snelling, Richard A.",Challenger,"97,321","Welch, Peter",Challenger,N/A,N/A,N/A,N/A,"4,561","12,219",R,0,52.95,47.05,
Governor,N/A,1990,General,Wisconsin,"802,321","Thompson, Tommy G.",Incumbent,"576,280","Loftus, Thomas",Challenger,N/A,N/A,N/A,N/A,"1,126","226,041",R,0,58.2,41.8,
Governor,N/A,1990,General,Wyoming,"55,471","Mead, Mary",Challenger,"104,638","Sullivan, Mike",Incumbent,N/A,N/A,N/A,N/A,N/A,"49,167",D,0,34.65,65.35,
Governor,N/A,1990,General Election (Not Decisive),Arizona,"523,984","Symington, Fife",Challenger,"519,691","Goddard, Terry",Challenger,N/A,N/A,N/A,N/A,"11,731","4,293",R,0,50.21,49.79,"Neither major-party candidate won an absolute majority in this November election; therefore a run-off election was held February 26, 1991."
Governor,N/A,1994,General,Alabama,"604,926","James, Forrest H. Jr.",Challenger,"594,169","Folsom, James E. Jr.",Incumbent,N/A,N/A,N/A,N/A,"2,874","10,757",R,0,50.45,49.55,
Governor,N/A,1994,General,Alaska,"87,157","Campbell, James O.",Challenger,"87,693","Knowles, Tony",Incumbent,Alaskan Independent,"27,838","Coghill, John",Challenger,"10,747",536,D,13.04,49.85,50.15,
Governor,N/A,1994,General,Arkansas,"287,904","Nelson, Sheffield",Challenger,"428,936","Tucker, Jim Guy",Incumbent,N/A,N/A,N/A,N/A,N/A,"141,032",D,0,40.16,59.84,
Governor,N/A,1994,General,Arizona,"593,492","Symington, Fife",Incumbent,"500,702","Basha, Eddie",Challenger,N/A,N/A,N/A,N/A,"35,413","92,790",R,0,54.24,45.76,
Governor,N/A,1994,General,California,"4,781,766","Wilson, Pete",Incumbent,"3,519,799","Brown, Kathleen",Challenger,N/A,N/A,N/A,N/A,"363,810","1,261,967",R,0,57.6,42.4,
Governor,N/A,1994,General,Colorado,"432,042","Benson, Bruce",Challenger,"619,205","Romer, Roy",Incumbent,N/A,N/A,N/A,N/A,"65,060","187,163",D,0,41.1,58.9,
Governor,N/A,1994,General,Connecticut,"415,201","Rowland, John G.",Challenger,"375,133","Curry, Bill",Challenger,A Connecticut Party,"216,585","Groark, Eunice",Challenger,"140,165","40,068",R,18.88,52.53,47.47,
Governor,N/A,1994,General,Florida,"2,071,068","Bush, Jeb",Challenger,"2,135,008","Chiles, Lawton",Incumbent,N/A,N/A,N/A,N/A,583,"63,940",D,0,49.24,50.76,
Governor,N/A,1994,General,Georgia,"756,371","Millner, Guy",Challenger,"788,926","Miller, Zell",Incumbent,N/A,N/A,N/A,N/A,31,"32,555",D,0,48.95,51.05,
Governor,N/A,1994,General,Hawaii,"107,908","Saiki, Patricia",Challenger,"134,978","Cayetano, Benjamin J.",Challenger,Best Party,"113,158","Fasi, Frank F.",Challenger,"12,969","21,820",D,30.67,44.43,55.57,
Governor,N/A,1994,General,Iowa,"566,395","Branstad, Terry E.",Incumbent,"414,453","Campbell, Bonnie J.",Challenger,N/A,N/A,N/A,N/A,"16,400","151,942",R,0,57.75,42.25,
Governor,N/A,1994,General,Idaho,"216,123","Batt, Phil",Challenger,"181,363","Echohawk, Larry",Challenger,N/A,N/A,N/A,N/A,"15,860","34,760",R,0,54.37,45.63,
Governor,N/A,1994,General,Illinois,"1,984,318","Edgar, Jim",Incumbent,"1,069,850","Netsch, Dawn C.",Challenger,N/A,N/A,N/A,N/A,"52,398","914,468",R,0,64.97,35.03,
Governor,N/A,1994,General,Kansas,"526,113","Graves, Bill",Challenger,"294,733","Slattery, Jim",Challenger,N/A,N/A,N/A,N/A,184,"231,380",R,0,64.09,35.91,
Governor,N/A,1994,General,Massachusetts,"1,599,141","Weld, William F.",Incumbent,"636,138","Roosevelt, Mark",Challenger,N/A,N/A,N/A,N/A,"19,871","963,003",R,0,71.54,28.46,
Governor,N/A,1994,General,Maryland,"702,101","Sauerbrey, Ellen R.",Challenger,"708,094","Glendening, Parris N.",Challenger,N/A,N/A,N/A,N/A,105,"5,993",D,0,49.79,50.21,
Governor,N/A,1994,General,Maine,"117,990","Collins, Susan M.",Challenger,"172,951","Brennan, Joseph E.",Challenger,Independent,"180,829","King, Agnus",Challenger,"39,538","7,878",I,35.37,40.55,59.45,
Governor,N/A,1994,General,Michigan,"1,899,101","Engler, John",Incumbent,"1,188,438","Wolpe, Howard",Challenger,N/A,N/A,N/A,N/A,"1,538","710,663",R,0,61.51,38.49,
Governor,N/A,1994,General,Minnesota,"1,094,165","Carlson, Arne",Incumbent,"589,344","Marty, John",Challenger,N/A,N/A,N/A,N/A,"82,081","504,821",R,0,64.99,35.01,
Governor,N/A,1994,General,Nebraska,"148,230","Spence, Gene",Challenger,"423,270","Nelson, Earl",Incumbent,N/A,N/A,N/A,N/A,"8,061","275,040",D,0,25.94,74.06,
Governor,N/A,1994,General,New Hampshire,"218,134","Merrill, Steve",Incumbent,"79,686","King, Wayne D.",Challenger,N/A,N/A,N/A,N/A,"14,062","138,448",R,0,73.24,26.76,
Governor,N/A,1994,General,New Mexico,"232,945","Johnson, Gary E.",Challenger,"186,686","King, Bruce",Incumbent,N/A,N/A,N/A,N/A,"47,990","46,259",R,0,55.51,44.49,
Governor,N/A,1994,General,Nevada,"156,875","Gibbons, James A.",Challenger,"200,026","Miller, Robert J.",Incumbent,N/A,N/A,N/A,N/A,"22,775","43,151",D,0,43.95,56.05,
Governor,N/A,1994,General,New York,"2,538,702","Pataki, George E.",Challenger,"2,364,904","Cuomo, Mario M.",Incumbent,N/A,N/A,N/A,N/A,"305,156","173,798",R,0,51.77,48.23,
Governor,N/A,1994,General,Ohio,"2,401,572","Voinovich, George",Incumbent,"835,849","Burch, Robert L.",Challenger,N/A,N/A,N/A,N/A,"108,817","1,565,723",R,0,74.18,25.82,
Governor,N/A,1994,General,Oklahoma,"466,740","Keating, Frank",Challenger,"294,936","Mildren, Jack",Challenger,Independent,"233,336","Watkins, Wes",Challenger,N/A,"171,804",R,23.45,61.28,38.72,
Governor,N/A,1994,General,Oregon,"517,874","Smith, Denny",Challenger,"622,083","Kitzhaber, John",Challenger,N/A,N/A,N/A,N/A,"81,053","104,209",D,0,45.43,54.57,
Governor,N/A,1994,General,Pennsylvania,"1,627,976","Ridge, Thomas J.",Challenger,"1,433,099","Singel, Mark S.",Challenger,N/A,N/A,N/A,N/A,"527,451","194,877",R,0,53.18,46.82,
Governor,N/A,1994,General,Rhode Island,"171,194","Almond, Lincoln C.",Challenger,"157,361","York, Myrth",Challenger,N/A,N/A,N/A,N/A,"32,822","13,833",R,0,52.11,47.89,
Governor,N/A,1994,General,South Carolina,"470,756","Beasley, David",Challenger,"447,002","Theodore, Nick A.",Challenger,N/A,N/A,N/A,N/A,"16,092","23,754",R,0,51.29,48.71,
Governor,N/A,1994,General,South Dakota,"172,515","Janklow, William J.",Challenger,"126,273","Beddow, Jim",Challenger,N/A,N/A,N/A,N/A,"12,825","46,242",R,0,57.74,42.26,
Governor,N/A,1994,General,Tennessee,"807,107","Sundquist, Don",Challenger,"664,243","Bredesen, Phil",Challenger,N/A,N/A,N/A,N/A,"15,774","142,864",R,0,54.85,45.15,
Governor,N/A,1994,General,Texas,"2,350,994","Bush, George W.",Challenger,"2,016,928","Richards, Ann",Incumbent,N/A,N/A,N/A,N/A,"28,320","334,066",R,0,53.82,46.18,
Governor,N/A,1994,General,Vermont,"40,292","Kelley, David F.",Challenger,"145,661","Dean, Howard B.",Incumbent,N/A,N/A,N/A,N/A,"26,093","105,369",D,0,21.67,78.33,
Governor,N/A,1994,General,Wisconsin,"1,051,326","Thompson, Tommy G.",Incumbent,"482,850","Chvala, Chuck",Challenger,N/A,N/A,N/A,N/A,"29,659","568,476",R,0,68.53,31.47,
Governor,N/A,1994,General,Wyoming,"118,016","Geringer, Jim",Challenger,"80,747","Karpan, Kathy",Challenger,N/A,N/A,N/A,N/A,"2,227","37,269",R,0,59.38,40.62,
Governor,N/A,1998,General,Alabama,"554,746","James, Forrest H. Jr.",Incumbent,"760,155","Siegelman, Don",Challenger,N/A,N/A,N/A,N/A,"2,941","205,409",D,0,42.19,57.81,
Governor,N/A,1998,General,Alaska,"39,331","Lindauer, John",Challenger,"112,879","Knowles, Tony",Incumbent,N/A,N/A,N/A,N/A,"67,967","73,548",D,0,25.84,74.16,
Governor,N/A,1998,General,Arizona,"620,188","Hull, Jane Dee",Incumbent,"361,552","Johnson, Paul",Challenger,N/A,N/A,N/A,N/A,"35,876","258,636",R,0,63.17,36.83,
Governor,N/A,1998,General,California,"3,218,030","Lungren, Dan",Challenger,"4,860,702","Davis, Gray",Challenger,N/A,N/A,N/A,N/A,"306,464","1,642,672",D,0,39.83,60.17,
Governor,N/A,1998,General,Colorado,"649,688","Owens, Bill",Challenger,"639,358","Schoettler, Gail",Challenger,N/A,N/A,N/A,N/A,"34,484","10,330",R,0,50.4,49.6,
Governor,N/A,1998,General,Connecticut,"628,707","Rowland, John G.",Incumbent,"354,187","Kennelly, Barbara B.",Challenger,N/A,N/A,N/A,N/A,"16,643","274,520",R,0,63.96,36.04,
Governor,N/A,1998,General,Florida,"2,191,105","Bush, Jeb",Challenger,"1,773,054","MacKay, Kenneth H.",Incumbent,N/A,N/A,N/A,N/A,282,"418,051",R,0,55.27,44.73,
Governor,N/A,1998,General,Georgia,"790,201","Millner, Guy",Challenger,"941,076","Barnes, Roy E.",Challenger,N/A,N/A,N/A,N/A,"61,531","150,875",D,0,45.64,54.36,
Governor,N/A,1998,General,Hawaii,"198,952","Lingle, Linda",Challenger,"204,206","Cayetano, Benjamin J.",Incumbent,N/A,N/A,N/A,N/A,"4,398","5,254",D,0,49.35,50.65,
Governor,N/A,1998,General,Idaho,"258,095","Kempthorne, Dirk",Challenger,"110,815","Huntley, Robert C.",Challenger,N/A,N/A,N/A,N/A,"12,338","147,280",R,0,69.96,30.04,
Governor,N/A,1998,General,Illinois,"1,714,094","Ryan, George H.",Challenger,"1,594,191","Poshard, Glenn",Challenger,N/A,N/A,N/A,N/A,"50,420","119,903",R,0,51.81,48.19,
Governor,N/A,1998,General,Iowa,"444,787","Lightfoot, Jim Ross",Challenger,"500,231","Vilsack, Tom",Challenger,N/A,N/A,N/A,N/A,"11,400","55,444",D,0,47.07,52.93,
Governor,N/A,1998,General,Kansas,"544,882","Graves, Bill",Incumbent,"168,243","Sawyer, Tom",Challenger,N/A,N/A,N/A,N/A,"29,540","376,639",R,0,76.41,23.59,
Governor,N/A,1998,General,Maine,"79,716","Longley, James B. Jr.",Challenger,"50,506","Connolly, Thomas J.",Challenger,Independent,"246,772","King, Agnus",Incumbent,"44,015","167,056",I,58.61,61.22,38.78,"Incumbent Agnus King, an Indipendent candidate received 246,772 votes (58.6% of the total vote) and won the election"
Governor,N/A,1998,General,Maryland,"688,357","Sauerbrey, Ellen R.",Challenger,"846,972","Glendening, Parris N.",Incumbent,N/A,N/A,N/A,N/A,649,"158,615",D,0,44.83,55.17,
Governor,N/A,1998,General,Massachusetts,"967,160","Cellucci, Argeo Paul",Incumbent,"901,843","Harshbarger, Scott",Challenger,N/A,N/A,N/A,N/A,"34,333","65,317",R,0,51.75,48.25,
Governor,N/A,1998,General,Michigan,"1,883,005","Engler, John",Incumbent,"1,143,574","Fieger, Geoffrey",Challenger,N/A,N/A,N/A,N/A,525,"739,431",R,0,62.22,37.78,
Governor,N/A,1998,General,Minnesota,"716,880","Coleman, Norm",Challenger,N/A,N/A,N/A,Reform,"773,403","Ventura, Jesse",Challenger,"600,235","56,523",RF,37,100,0,"The other vote was: Humphrey, Hubert Horatio III (Democrat Farmer-Labor) 587,060"
Governor,N/A,1998,General,Nebraska,"293,910","Johanns, Mike",Challenger,"250,678","Hoppner, Bill",Challenger,N/A,N/A,N/A,N/A,650,"43,232",R,0,53.97,46.03,
Governor,N/A,1998,General,Nevada,"223,892","Guinn, Kenny",Challenger,"182,281","Jones, Jan Laverty",Challenger,N/A,N/A,N/A,N/A,"27,457","41,611",R,0,55.12,44.88,
Governor,N/A,1998,General,New Hampshire,"98,473","Lucas, Jay",Challenger,"210,769","Shaheen, Jeanne",Incumbent,N/A,N/A,N/A,N/A,"9,698","112,296",D,0,31.84,68.16,
Governor,N/A,1998,General,New Mexico,"271,948","Johnson, Gary E.",Incumbent,"226,755","Chavez, Martin J.",Challenger,N/A,N/A,N/A,N/A,N/A,"45,193",R,0,54.53,45.47,
Governor,N/A,1998,General,New York,"2,571,991","Pataki, George E.",Incumbent,"1,570,317","Vallone, Peter F.",Challenger,N/A,N/A,N/A,N/A,"592,928","1,001,674",R,0,62.09,37.91,
Governor,N/A,1998,General,Ohio,"1,678,721","Taft, Robert Alphonso",Challenger,"1,498,956","Fisher, Lee",Challenger,N/A,N/A,N/A,N/A,"176,536","179,765",R,0,52.83,47.17,
Governor,N/A,1998,General,Oklahoma,"505,498","Keating, Frank",Incumbent,"357,552","Boyd, Laura",Challenger,N/A,N/A,N/A,N/A,"10,535","147,946",R,0,58.57,41.43,
Governor,N/A,1998,General,Oregon,"334,001","Sizemore, Bill",Challenger,"717,061","Kitzhaber, John",Incumbent,N/A,N/A,N/A,N/A,"62,036","383,060",D,0,31.78,68.22,
Governor,N/A,1998,General,Pennsylvania,"1,736,844","Ridge, Thomas J.",Incumbent,"938,745","Itkin, Ivan",Challenger,Constitution,"315,761","Luksik, Peg",Challenger,"33,802","798,099",R,10.44,64.91,35.09,
Governor,N/A,1998,General,Rhode Island,"156,180","Almond, Lincoln C.",Incumbent,"129,105","York, Myrth",Challenger,N/A,N/A,N/A,N/A,"21,098","27,075",R,0,54.75,45.25,
Governor,N/A,1998,General,South Carolina,"484,088","Beasley, David",Incumbent,"570,070","Hodges, James H.",Challenger,N/A,N/A,N/A,N/A,"16,711","85,982",D,0,45.92,54.08,
Governor,N/A,1998,General,South Dakota,"166,621","Janklow, William J.",Incumbent,"85,473","Hunhoff, Bernie",Challenger,N/A,N/A,N/A,N/A,"8,093","81,148",R,0,66.09,33.91,
Governor,N/A,1998,General,Tennessee,"669,973","Sundquist, Don",Incumbent,"287,750","Hooker, John Jay Jr.",Challenger,N/A,N/A,N/A,N/A,"18,513","382,223",R,0,69.95,30.05,
Governor,N/A,1998,General,Texas,"2,551,454","Bush, George W.",Incumbent,"1,165,444","Mauro, Garry",Challenger,N/A,N/A,N/A,N/A,"21,585","1,386,010",R,0,68.64,31.36,
Governor,N/A,1998,General,Vermont,"89,726","Dwyer, Ruth",Challenger,"121,425","Dean, Howard B.",Incumbent,N/A,N/A,N/A,N/A,"6,969","31,699",D,0,42.49,57.51,
Governor,N/A,1998,General,Wisconsin,"1,047,716","Thompson, Tommy G.",Incumbent,"679,553","Garvey, Ed",Challenger,N/A,N/A,N/A,N/A,"28,745","368,163",R,0,60.66,39.34,
Governor,N/A,1998,General,Wyoming,"97,235","Geringer, Jim",Incumbent,"70,754","Vinich, John P.",Challenger,N/A,N/A,N/A,N/A,"6,899","26,481",R,0,57.88,42.12,
Governor,N/A,1998,General,Arkansas,"430,919","Huckabee, Mike",Incumbent,"278,155","King, James",Challenger,N/A,N/A,N/A,N/A,"19,545","152,764",R,0,60.77,39.23,